python,cython
7.27583,0.46470
7.38267,0.44441
7.21976,0.45069
7.23022,0.44368
7.26419,0.44622
7.36982,0.55184
8.66853,0.44658
7.85978,0.44768
8.01788,0.44915
8.22721,0.48171
7.97909,0.54031
7.65896,0.51133
8.04643,0.52140
8.70684,0.54122
7.91328,0.44832
8.26748,0.46406
7.79051,0.44994
7.86394,0.51312
7.53380,0.47417
7.51394,0.44387
7.41888,0.44717
7.46357,0.45059
7.37970,0.44990
7.35864,0.44852
7.42129,0.50429
7.77903,0.46144
7.72668,0.44369
7.23481,0.44488
7.45008,0.44538
7.47768,0.48027